SecuCode,FirstIndustryName
002254,石油石化
002154,纺织服装
002174,传媒
002194,通信
300213,通信
601918,煤炭
002212,电力设备
601899,有色金属
002215,基础化工
300280,综合
002639,机械
002645,机械
002673,非银行金融
002638,综合
300324,计算机
300566,电子元器件
603676,医药
600011,电力及公用事业
600012,交通运输
600039,建筑
600050,通信
600064,房地产
600067,房地产
600081,汽车
600082,综合
600099,汽车
600100,计算机
600114,机械
600117,钢铁
600118,国防军工
600132,食品饮料
600133,房地产
600157,煤炭
600158,房地产
600177,纺织服装
600178,汽车
600191,农林牧渔
600192,电力设备
600211,医药
600212,综合
600231,钢铁
600232,纺织服装
600247,商贸零售
600248,建筑
600251,农林牧渔
600267,医药
600268,电力设备
600287,商贸零售
600302,机械
600306,商贸零售
600321,建材
600322,房地产
600343,国防军工
600345,通信
600360,电子元器件
600363,电子元器件
600379,电力设备
600380,医药
600399,国防军工
600400,纺织服装
002515,食品饮料
300155,电子元器件
002526,机械
300165,机械
300223,电子元器件
300164,机械
002557,食品饮料
002539,基础化工
300174,基础化工
002537,汽车
002552,机械
002555,传媒
002553,汽车
300205,通信
601011,煤炭
300189,农林牧渔
603688,电子元器件
300360,电子元器件
002843,机械
002840,食品饮料
601228,交通运输
603038,建材
002867,纺织服装
603179,汽车
300593,通信
300675,房地产
300605,计算机
300639,医药
603679,家电
300671,电子元器件
600422,医药
600426,基础化工
600455,传媒
600456,有色金属
600480,汽车
600481,机械
600499,电力及公用事业
600502,建筑
600518,医药
600519,食品饮料
600538,基础化工
600539,建材
600557,医药
600560,机械
600576,房地产
600577,电力设备
600594,医药
600595,有色金属
600609,汽车
600612,商贸零售
600626,纺织服装
600644,电力及公用事业
600645,医药
600662,交通运输
600663,房地产
600676,汽车
600677,国防军工
600694,商贸零售
600695,非银行金融
600712,商贸零售
600713,医药
600726,电力及公用事业
600727,基础化工
600744,电力及公用事业
600745,房地产
600763,医药
600776,通信
600777,石油石化
600780,电力及公用事业
600794,交通运输
600795,电力及公用事业
600812,医药
600826,商贸零售
600827,商贸零售
600830,商贸零售
600844,基础化工
600845,计算机
600862,国防军工
600863,电力及公用事业
600877,汽车
600880,传媒
600894,机械
600895,房地产
600990,国防军工
600991,汽车
002579,电子元器件
002572,轻工制造
601208,基础化工
300221,基础化工
300240,交通运输
300381,农林牧渔
300232,电子元器件
300234,建材
002778,石油石化
002605,轻工制造
002594,汽车
002604,农林牧渔
002596,建材
002601,基础化工
002801,机械
603979,有色金属
300435,机械
300491,电子元器件
002800,交通运输
300436,医药
600958,非银行金融
601226,建筑
300657,电子元器件
002845,电子元器件
603089,汽车
300650,家电
603580,基础化工
000002,房地产
000008,机械
000018,房地产
000032,电子元器件
000033,餐饮旅游
000056,房地产
000058,房地产
000090,建筑
000100,家电
000421,电力及公用事业
000425,机械
000426,有色金属
000509,建材
000527,家电
000528,机械
000545,基础化工
000546,电力及公用事业
000559,汽车
000560,商贸零售
000582,交通运输
000600,电力及公用事业
000601,电力及公用事业
000616,房地产
000617,非银行金融
000620,房地产
000636,电子元器件
000637,石油石化
000666,非银行金融
000667,房地产
000682,电力设备
000686,非银行金融
000700,汽车
000720,电力及公用事业
000721,餐饮旅游
000737,基础化工
000748,计算机
000766,医药
000791,电力及公用事业
000792,基础化工
000809,房地产
000812,轻工制造
000828,交通运输
000829,通信
000860,食品饮料
000861,商贸零售
000885,建材
000888,餐饮旅游
000902,基础化工
000903,汽车
000923,机械
000925,机械
000948,计算机
000951,汽车
000967,电力及公用事业
000968,石油石化
000988,电子元器件
000989,医药
002225,建材
002228,轻工制造
002227,电力设备
002249,机械
002247,传媒
002256,基础化工
002261,通信
002273,电子元器件
002276,电力设备
002286,农林牧渔
002446,通信
002448,汽车
300254,医药
300256,电子元器件
002717,建筑
002618,电子元器件
300262,电力及公用事业
002617,电力设备
300266,电力及公用事业
300417,机械
300452,医药
601021,交通运输
603726,机械
603015,机械
002786,机械
300384,石油石化
300513,计算机
603909,建筑
603017,建筑
603998,医药
603031,商贸零售
603520,医药
300479,计算机
300464,机械
002763,纺织服装
603515,家电
603556,机械
300472,机械
002155,有色金属
002164,机械
002176,机械
002183,交通运输
002189,电子元器件
002187,商贸零售
002198,医药
002217,电子元器件
002218,电力设备
002220,农林牧渔
002219,医药
002636,电子元器件
300281,机械
300286,电力设备
300295,传媒
300288,通信
002655,传媒
002181,传媒
600000,银行
600031,机械
600035,交通运输
600037,传媒
600052,房地产
600054,餐饮旅游
600077,房地产
600079,医药
600086,商贸零售
600088,传媒
600111,有色金属
600113,房地产
600120,商贸零售
600122,商贸零售
600152,纺织服装
600155,基础化工
600160,基础化工
600162,房地产
600187,电力及公用事业
600189,农林牧渔
600197,食品饮料
600199,食品饮料
600225,房地产
600227,基础化工
600234,综合
600236,电力及公用事业
600262,机械
600265,农林牧渔
600270,交通运输
600272,医药
600297,汽车
600299,基础化工
600301,基础化工
600307,钢铁
600309,基础化工
600335,汽车
600337,轻工制造
600348,煤炭
600350,交通运输
600375,汽车
600377,交通运输
600385,有色金属
600387,石油石化
300445,机械
002519,国防军工
002522,基础化工
300147,医药
300153,电力设备
002702,食品饮料
601933,商贸零售
300160,建材
002544,通信
002541,建筑
300177,计算机
300176,汽车
601700,电力设备
300182,计算机
601789,建筑
300195,机械
002577,计算机
603989,电子元器件
002719,食品饮料
603009,汽车
300403,轻工制造
603023,汽车
603609,农林牧渔
300582,家电
603626,机械
002861,电子元器件
300578,通信
300598,计算机
603133,基础化工
603787,汽车
601952,农林牧渔
603920,电子元器件
300610,基础化工
603331,机械
603488,机械
600419,食品饮料
600421,综合
600428,交通运输
600432,有色金属
600470,基础化工
600476,计算机
600485,通信
600487,通信
600513,医药
600516,建材
600523,汽车
600526,电力及公用事业
600556,房地产
600561,交通运输
600563,电子元器件
600588,计算机
600590,建筑
600592,机械
600597,食品饮料
600599,非银行金融
600622,房地产
600624,综合
600631,商贸零售
600633,传媒
600656,汽车
600658,房地产
600665,房地产
600667,电子元器件
600690,家电
600692,交通运输
600697,商贸零售
600699,汽车
600722,基础化工
600724,房地产
600731,基础化工
600733,房地产
600756,计算机
600758,煤炭
600765,国防军工
600767,房地产
600790,商贸零售
600792,煤炭
600797,通信
600822,商贸零售
600824,商贸零售
600831,传媒
600833,医药
600856,电力及公用事业
600858,商贸零售
600865,商贸零售
600867,医药
600890,房地产
600892,传媒
600960,汽车
002299,农林牧渔
601218,电力设备
300206,医药
601113,石油石化
300372,电力设备
601233,石油石化
601599,传媒
601798,机械
300233,医药
300237,汽车
002593,汽车
300421,机械
002757,机械
300505,基础化工
002779,机械
300565,通信
002831,轻工制造
000006,房地产
000028,医药
000030,综合
000037,电力及公用事业
000039,机械
000078,医药
000089,交通运输
000150,房地产
000153,医药
000156,传媒
000401,建材
000403,医药
000408,钢铁
000410,机械
000504,传媒
000506,房地产
000514,房地产
000516,医药
000539,电力及公用事业
000541,家电
000548,交通运输
000550,汽车
000573,房地产
000585,电力设备
000587,商贸零售
000611,综合
000613,餐饮旅游
000623,医药
000659,轻工制造
000661,医药
000669,电力及公用事业
000671,房地产
000697,有色金属
000702,农林牧渔
000705,医药
000708,钢铁
000731,石油石化
000733,电子元器件
000736,房地产
000750,非银行金融
000752,食品饮料
000785,商贸零售
000795,建材
000797,房地产
000823,电子元器件
000826,电力及公用事业
000833,轻工制造
000836,通信
000881,综合
000883,电力及公用事业
000889,通信
000892,传媒
000917,传媒
000919,医药
000927,汽车
000929,综合
000962,有色金属
000965,房地产
000972,农林牧渔
000975,有色金属
002231,通信
002233,建材
002242,家电
002241,电子元器件
002250,基础化工
601766,机械
601788,非银行金融
002362,计算机
002281,通信
002293,纺织服装
002297,钢铁
603456,医药
002608,机械
603197,汽车
300267,医药
300273,医药
601677,有色金属
002745,电子元器件
300283,电力设备
300530,基础化工
002740,纺织服装
603959,建筑
002761,纺织服装
603318,机械
300398,基础化工
603188,基础化工
603383,计算机
300374,建材
603703,电子元器件
002755,建筑
603025,计算机
002766,计算机
002762,纺织服装
603636,计算机
603986,电子元器件
002760,机械
002793,机械
002809,基础化工
300462,电子元器件
300512,机械
300517,建筑
601212,有色金属
603991,基础化工
600007,房地产
600009,交通运输
600019,钢铁
600021,电力及公用事业
600061,非银行金融
600063,基础化工
600068,建筑
600070,综合
600072,机械
600095,房地产
600097,农林牧渔
600102,钢铁
600104,汽车
600128,综合
600130,通信
600138,餐饮旅游
600141,基础化工
600170,建筑
600172,建材
600180,交通运输
600182,汽车
600207,综合
600209,建筑
600215,房地产
600217,电力及公用事业
600241,商贸零售
600243,机械
600252,医药
600255,有色金属
600280,商贸零售
600282,钢铁
600289,通信
600291,非银行金融
600317,交通运输
600319,基础化工
600325,房地产
600327,汽车
600329,医药
600355,通信
600359,农林牧渔
600365,食品饮料
600367,基础化工
600392,有色金属
600395,煤炭
600403,煤炭
600406,电力设备
300148,传媒
300169,基础化工
300161,机械
300191,计算机
601890,机械
300171,机械
300181,医药
300183,电子元器件
601616,电力设备
300203,电力及公用事业
002558,传媒
300187,电力及公用事业
300185,电力设备
601258,汽车
300211,通信
002563,纺织服装
300204,医药
603088,机械
002782,电子元器件
300351,机械
300355,建筑
300396,医药
002707,餐饮旅游
002748,基础化工
603385,建材
603096,传媒
002862,轻工制造
603335,汽车
603316,建筑
603233,医药
300648,机械
002147,房地产
002175,传媒
002192,建材
002182,有色金属
601088,煤炭
601857,石油石化
002208,房地产
601390,建筑
002213,汽车
002623,建材
300278,机械
002640,商贸零售
300279,家电
002642,计算机
300287,计算机
601313,机械
300567,机械
603996,电子元器件
601155,房地产
600446,计算机
600449,建材
600461,电力及公用事业
600463,房地产
600496,建筑
600498,通信
600503,房地产
600506,农林牧渔
600531,有色金属
600533,房地产
600543,食品饮料
600546,煤炭
600571,计算机
600573,食品饮料
600581,钢铁
600583,石油石化
600606,房地产
600608,钢铁
600613,医药
600615,有色金属
600617,电力及公用事业
600638,房地产
600640,餐饮旅游
600642,电力及公用事业
600647,房地产
600649,房地产
600674,电力及公用事业
600681,电力及公用事业
600683,房地产
600706,餐饮旅游
600708,交通运输
600715,传媒
600717,交通运输
600740,煤炭
600742,汽车
600747,电子元器件
600749,餐饮旅游
600774,商贸零售
600781,医药
600783,建材
600806,机械
600808,钢铁
600815,机械
600817,房地产
600847,传媒
601607,医药
600851,医药
600872,食品饮料
600874,电力及公用事业
600876,建材
600881,建材
600883,建材
600975,农林牧渔
600980,有色金属
600993,医药
600997,煤炭
002506,电力设备
300366,通信
002582,食品饮料
002592,汽车
601311,汽车
002589,医药
002597,基础化工
300527,国防军工
603889,纺织服装
300536,建筑
603701,汽车
000001,银行
000019,食品饮料
000021,电子元器件
000046,房地产
000048,农林牧渔
000050,电子元器件
000060,有色金属
000062,房地产
000418,家电
000420,基础化工
000429,交通运输
000488,轻工制造
000523,基础化工
000525,基础化工
000530,机械
000532,电子元器件
000555,通信
000557,交通运输
000564,商贸零售
000566,医药
000594,交通运输
000596,食品饮料
000603,有色金属
000606,医药
000631,房地产
000633,有色金属
000639,食品饮料
000651,家电
000677,基础化工
000679,商贸零售
000681,传媒
000687,基础化工
000713,农林牧渔
000716,食品饮料
000723,煤炭
000726,纺织服装
000760,汽车
000762,有色金属
000776,非银行金融
000778,钢铁
000807,有色金属
000813,有色金属
000816,机械
000850,纺织服装
000852,机械
000863,餐饮旅游
000868,汽车
000898,钢铁
000900,交通运输
000909,综合
000911,农林牧渔
000937,煤炭
000939,电力及公用事业
000952,医药
000955,纺织服装
000980,汽车
000982,纺织服装
000995,食品饮料
002238,传媒
002251,商贸零售
002259,农林牧渔
002268,计算机
002272,机械
002266,电力设备
601107,交通运输
002277,商贸零售
002300,电力设备
002292,传媒
601126,电力设备
002490,机械
002607,汽车
300243,基础化工
300248,计算机
300246,医药
300260,机械
300284,建筑
300523,计算机
600959,传媒
002771,计算机
300511,农林牧渔
002818,商贸零售
002741,医药
300418,传媒
300440,计算机
603779,食品饮料
002747,机械
603567,医药
300466,机械
300469,计算机
601985,电力及公用事业
300465,计算机
002775,建筑
300486,机械
300490,电力设备
300478,基础化工
603898,轻工制造
603090,机械
603012,机械
002788,医药
300535,基础化工
002811,建筑
603189,计算机
603718,医药
002848,通信
603638,机械
603926,汽车
603200,电力及公用事业
002151,国防军工
002168,电力设备
002167,有色金属
002166,医药
002172,石油石化
002184,机械
002188,传媒
002193,纺织服装
002190,国防军工
002201,建材
601866,交通运输
002204,机械
601099,非银行金融
002226,基础化工
601225,煤炭
002631,农林牧渔
300293,机械
300285,基础化工
002647,电子元器件
300290,计算机
002656,纺织服装
603138,计算机
600008,电力及公用事业
600036,银行
600053,房地产
600060,家电
600071,电子元器件
600078,基础化工
600085,医药
600096,基础化工
600103,轻工制造
600110,电子元器件
600121,煤炭
600129,医药
600137,纺织服装
600153,交通运输
600161,医药
600169,机械
600173,房地产
600188,煤炭
600196,医药
600200,综合
600208,房地产
600216,医药
600228,基础化工
600235,轻工制造
600242,交通运输
600256,石油石化
600263,建筑
600271,计算机
600283,电力及公用事业
600290,电力设备
600298,食品饮料
600310,电力及公用事业
600318,建材
600326,建筑
600338,有色金属
600356,轻工制造
600368,交通运输
600376,房地产
600383,房地产
600396,电力及公用事业
600405,通信
300145,电力及公用事业
603167,交通运输
300157,计算机
002547,通信
300163,建材
002533,电力设备
300194,医药
002545,建筑
002550,医药
300178,餐饮旅游
002542,建筑
601799,汽车
300188,计算机
300345,建材
300190,电力及公用事业
300192,基础化工
603308,机械
002700,电力及公用事业
603566,农林牧渔
601969,钢铁
600917,电力及公用事业
300373,电子元器件
300377,计算机
603039,计算机
002850,机械
603040,汽车
300645,计算机
300599,基础化工
300652,汽车
601200,电力及公用事业
300673,农林牧渔
600418,汽车
600433,轻工制造
600448,纺织服装
600460,电子元器件
600477,建筑
600486,基础化工
600495,机械
600507,钢铁
600515,房地产
600522,通信
600535,医药
600545,建筑
600552,建材
600565,房地产
600572,医药
600580,电力设备
600598,农林牧渔
600605,商贸零售
600616,食品饮料
600623,汽车
600630,纺织服装
600641,房地产
600648,商贸零售
600655,商贸零售
600666,医药
600673,有色金属
600680,通信
600691,基础化工
600698,汽车
600705,非银行金融
600716,房地产
600723,商贸零售
600730,综合
600734,计算机
600741,汽车
600748,房地产
600755,商贸零售
600759,石油石化
600766,有色金属
600773,房地产
600784,钢铁
600791,房地产
600798,交通运输
600809,食品饮料
600816,非银行金融
600823,房地产
600834,交通运输
600841,汽车
600848,房地产
600859,商贸零售
600866,食品饮料
600873,食品饮料
600884,电子元器件
600891,商贸零售
600898,商贸零售
600985,基础化工
600995,电力及公用事业
002298,电力设备
002576,电力设备
300209,计算机
300231,计算机
002585,基础化工
002587,电子元器件
300236,基础化工
300239,医药
002796,机械
002739,传媒
300438,电子元器件
601198,非银行金融
002770,食品饮料
603355,家电
603585,基础化工
000007,有色金属
000010,建筑
000022,交通运输
000029,房地产
000036,房地产
000049,电子元器件
000061,商贸零售
000070,通信
000155,基础化工
000402,房地产
000409,钢铁
000417,商贸零售
000430,餐饮旅游
000505,房地产
000513,医药
000524,餐饮旅游
000531,电力及公用事业
000538,医药
000563,非银行金融
000567,房地产
000576,轻工制造
000586,通信
000593,电力及公用事业
000597,医药
000605,电力及公用事业
000612,有色金属
000625,汽车
000632,商贸零售
000650,医药
000662,基础化工
000670,电子元器件
000678,机械
000690,电力及公用事业
001696,机械
000703,石油石化
000717,钢铁
000725,电子元器件
000732,房地产
000753,汽车
000761,钢铁
000788,医药
000796,餐饮旅游
000803,综合
000825,钢铁
000856,机械
000880,机械
000893,农林牧渔
000899,电力及公用事业
000908,医药
000920,电力及公用事业
000928,建筑
000936,基础化工
000963,医药
000971,综合
000983,煤炭
000993,电力及公用事业
002230,通信
002237,有色金属
002265,汽车
002245,交通运输
002271,建材
002461,食品饮料
002280,计算机
002285,房地产
002294,医药
002467,通信
300244,医药
300250,通信
002620,建筑
300265,电力设备
300269,电子元器件
002616,电力及公用事业
002612,纺织服装
300409,建材
603696,食品饮料
603368,医药
603885,交通运输
603798,石油石化
300429,基础化工
002733,电子元器件
603999,传媒
002737,医药
603667,机械
300489,机械
600939,建筑
300496,计算机
300555,通信
300547,基础化工
300534,医药
002817,医药
300500,建筑
600936,传媒
603690,机械
002759,家电
300425,电力及公用事业
603928,基础化工
603218,电力设备
603579,医药
603903,电力及公用事业
603501,电子元器件
300590,通信
002163,建材
002173,医药
002179,国防军工
002180,电子元器件
601808,石油石化
002200,农林牧渔
601999,传媒
601898,煤炭
002628,建筑
002637,基础化工
002632,基础化工
002668,家电
300350,交通运输
002664,汽车
002852,农林牧渔
300659,计算机
600004,交通运输
600006,汽车
600026,交通运输
600029,交通运输
600056,医药
600058,钢铁
600073,食品饮料
600075,基础化工
600090,医药
600107,纺织服装
600109,非银行金融
600125,交通运输
600127,农林牧渔
600145,机械
600148,汽车
600150,机械
600165,机械
600167,电力及公用事业
600183,电子元器件
600185,房地产
600201,农林牧渔
600203,电子元器件
600220,纺织服装
600222,医药
600238,食品饮料
600240,房地产
600258,餐饮旅游
600260,综合
600275,农林牧渔
600277,基础化工
600279,交通运输
600292,电力及公用事业
600295,钢铁
600311,有色金属
600313,农林牧渔
600330,有色金属
600332,医药
600352,基础化工
600354,农林牧渔
600370,纺织服装
600372,国防军工
600389,基础化工
600391,国防军工
600408,煤炭
002520,国防军工
300158,医药
002517,传媒
300149,农林牧渔
002606,电力设备
002528,电子元器件
002531,电力设备
300162,电子元器件
300180,基础化工
002570,食品饮料
300193,机械
002546,计算机
002706,电力设备
300200,基础化工
002562,基础化工
002571,轻工制造
300388,电力及公用事业
300385,电力及公用事业
300557,机械
603811,医药
300619,机械
300580,汽车
603358,汽车
300577,纺织服装
300602,电子元器件
600410,计算机
600416,电力设备
600435,国防军工
600438,农林牧渔
600466,房地产
600468,电力设备
600489,有色金属
600491,建筑
600509,电力及公用事业
600511,医药
600528,建筑
600530,医药
600549,有色金属
600551,传媒
600566,医药
600568,房地产
600570,计算机
600584,电子元器件
600586,建材
600601,计算机
600603,房地产
600618,基础化工
600620,房地产
600635,电力及公用事业
600637,传媒
600652,传媒
600654,电子元器件
600671,医药
600684,房地产
600686,汽车
600688,石油石化
600701,综合
600703,电子元器件
600718,计算机
600720,建材
600735,商贸零售
600737,农林牧渔
600754,餐饮旅游
600769,电力及公用事业
600771,医药
600801,建材
600803,基础化工
600805,汽车
600818,汽车
600820,建筑
600835,机械
600837,非银行金融
600854,家电
600869,电力设备
600871,石油石化
600886,电力及公用事业
600888,有色金属
600966,轻工制造
600969,电力及公用事业
603006,汽车
300282,电子元器件
002580,电力设备
300207,电子元器件
300402,机械
601222,电力设备
300215,电力设备
300219,电子元器件
300217,家电
002583,通信
300228,机械
300242,传媒
300241,电子元器件
603117,交通运输
603997,汽车
603389,轻工制造
300579,计算机
300393,电力设备
002781,建筑
603030,建筑
603899,轻工制造
603797,电力及公用事业
000011,房地产
000024,房地产
000026,商贸零售
000042,房地产
000045,电子元器件
000066,计算机
000069,房地产
000158,计算机
000415,非银行金融
000498,建筑
000502,房地产
000518,医药
000520,交通运输
000537,房地产
000552,煤炭
000554,石油石化
000571,煤炭
000589,汽车
000591,电力及公用事业
000607,传媒
000609,房地产
000626,商贸零售
000628,房地产
000655,钢铁
000657,有色金属
000673,传媒
000676,电力设备
000692,电力及公用事业
000695,电力及公用事业
000710,汽车
000712,非银行金融
000727,电子元器件
000729,食品饮料
000755,基础化工
000757,汽车
000779,电子元器件
000782,石油石化
000799,食品饮料
000801,国防军工
000819,石油石化
000821,机械
000838,房地产
000848,食品饮料
000876,农林牧渔
000878,有色金属
000895,食品饮料
000912,基础化工
000915,医药
000931,房地产
000933,综合
000958,电力及公用事业
000960,有色金属
000977,计算机
000979,房地产
000998,农林牧渔
002001,医药
002253,计算机
002236,电子元器件
002248,机械
002262,医药
002260,家电
601668,建筑
002269,纺织服装
002284,汽车
002289,电子元器件
300370,机械
002296,通信
600999,非银行金融
002599,传媒
002419,商贸零售
300255,医药
300252,国防军工
002611,机械
300268,农林牧渔
300294,医药
002621,机械
300274,电力设备
300415,机械
002768,基础化工
002730,电力设备
002791,建筑
300463,医药
002742,建材
300455,计算机
603730,汽车
300441,机械
603883,医药
002735,轻工制造
300529,医药
603608,纺织服装
601069,有色金属
300492,房地产
601968,轻工制造
603919,食品饮料
603569,汽车
300480,机械
300471,机械
603612,有色金属
300432,汽车
002832,纺织服装
300392,传媒
603977,基础化工
603900,商贸零售
002841,电子元器件
603877,纺织服装
600010,钢铁
600020,交通运输
600033,交通运输
600055,医药
600062,医药
600069,轻工制造
600080,医药
600087,交通运输
600094,房地产
600105,通信
600112,电力设备
600119,交通运输
600131,电力及公用事业
600139,有色金属
600151,电力设备
600163,电力设备
600171,电子元器件
600179,综合
600190,交通运输
600198,通信
600206,电子元器件
600218,汽车
600226,基础化工
600233,交通运输
600246,房地产
600253,医药
600261,家电
600273,基础化工
600281,基础化工
600288,电子元器件
600300,食品饮料
600308,轻工制造
600316,国防军工
600328,基础化工
600336,家电
600346,石油石化
600358,餐饮旅游
600366,有色金属
600373,传媒
600386,传媒
600393,房地产
600401,电子元器件
601880,交通运输
601558,电力设备
300151,机械
002567,农林牧渔
300159,机械
300170,计算机
300172,电力及公用事业
601137,有色金属
300197,建筑
300184,电子元器件
002769,交通运输
300340,基础化工
300229,计算机
300186,农林牧渔
002556,基础化工
002565,轻工制造
300375,汽车
601992,综合
300214,基础化工
002721,商贸零售
601579,食品饮料
002838,基础化工
603336,农林牧渔
300623,电子元器件
601375,非银行金融
603881,计算机
300571,通信
603178,汽车
603078,基础化工
603803,通信
300638,通信
300608,计算机
002157,农林牧渔
002171,有色金属
002165,基础化工
601169,银行
300477,电力设备
002203,有色金属
002206,石油石化
002209,机械
002211,基础化工
002221,石油石化
601958,有色金属
603686,电力及公用事业
002634,纺织服装
603001,纺织服装
002635,计算机
300298,医药
002857,机械
603960,机械
600420,医药
600429,食品饮料
600444,基础化工
600452,电力及公用事业
600462,通信
600475,电力设备
600483,电力及公用事业
600488,医药
600497,有色金属
600505,电力及公用事业
600512,建筑
600517,电力设备
600525,电子元器件
600532,钢铁
600547,有色金属
600555,房地产
600562,国防军工
600575,交通运输
600582,机械
600589,基础化工
600600,食品饮料
600614,医药
600639,房地产
600650,交通运输
600657,房地产
600664,医药
600675,房地产
600682,商贸零售
600689,纺织服装
600707,电子元器件
600714,煤炭
600725,煤炭
600732,房地产
600739,商贸零售
600750,医药
600757,传媒
600764,通信
600775,通信
600782,钢铁
600789,医药
600800,轻工制造
600807,房地产
600814,商贸零售
600825,传媒
600832,综合
600839,家电
600850,计算机
600857,商贸零售
600864,电力及公用事业
600875,电力设备
600882,钢铁
600889,基础化工
600900,电力及公用事业
600976,医药
600992,机械
300201,汽车
002581,基础化工
300202,计算机
601566,纺织服装
300212,计算机
300227,电子元器件
002586,建筑
300230,基础化工
002783,基础化工
300596,基础化工
300521,机械
603789,机械
601211,非银行金融
603227,基础化工
300501,轻工制造
300632,家电
000004,医药
000014,房地产
000020,电子元器件
000031,房地产
000038,房地产
000063,通信
000088,交通运输
000151,商贸零售
000400,电力设备
000411,医药
000419,商贸零售
000428,餐饮旅游
000507,交通运输
000522,医药
000533,家电
000540,房地产
000547,国防军工
000558,房地产
000565,基础化工
000572,汽车
000595,机械
000602,电力及公用事业
000615,基础化工
000622,汽车
000630,有色金属
000652,综合
000668,房地产
000680,机械
000688,有色金属
000707,基础化工
000715,商贸零售
000722,电力及公用事业
000735,农林牧渔
000751,有色金属
000759,商贸零售
000777,机械
000786,建材
000793,传媒
000806,电力设备
000815,轻工制造
000822,基础化工
000835,传媒
000851,商贸零售
000862,电力设备
000869,食品饮料
000882,商贸零售
000890,机械
000897,房地产
000901,国防军工
000910,轻工制造
000918,房地产
000930,农林牧渔
000938,计算机
000953,基础化工
000966,电力及公用事业
000973,基础化工
000981,房地产
000996,汽车
002244,房地产
002232,计算机
002229,轻工制造
002243,轻工制造
002239,汽车
002274,基础化工
002255,机械
002267,电力及公用事业
002275,医药
002288,电子元器件
002290,家电
002291,纺织服装
601633,汽车
002438,机械
002602,传媒
601636,建材
002830,建筑
601908,电力设备
601886,建筑
300261,基础化工
603369,食品饮料
603606,电力设备
300406,医药
300448,计算机
002767,机械
603101,商贸零售
002780,纺织服装
300552,计算机
300407,电力设备
002749,基础化工
300494,计算机
603021,轻工制造
603887,建筑
603618,电力设备
002819,机械
300526,纺织服装
300484,电力设备
300559,计算机
002806,有色金属
002822,建筑
002821,医药
300433,电子元器件
002795,机械
002790,家电
002758,医药
002162,建材
002169,电力设备
002177,计算机
601939,银行
002185,电子元器件
002186,餐饮旅游
002196,机械
002199,电子元器件
002202,电力设备
601601,非银行金融
002207,机械
002224,基础化工
002625,汽车
601555,非银行金融
002633,机械
002648,石油石化
002651,机械
603599,基础化工
002649,计算机
603896,医药
603429,轻工制造
600005,钢铁
600028,石油石化
600030,非银行金融
600057,交通运输
600059,食品饮料
600074,基础化工
600076,通信
600089,电力设备
600091,基础化工
600093,汽车
600106,交通运输
600108,农林牧渔
600123,煤炭
600126,钢铁
600146,基础化工
600149,房地产
600166,汽车
600168,电力及公用事业
600184,国防军工
600186,食品饮料
600202,电力设备
600219,有色金属
600221,交通运输
600223,房地产
600237,电子元器件
600239,房地产
600257,农林牧渔
600259,有色金属
600276,医药
600278,商贸零售
600293,建材
600312,电力设备
600315,商贸零售
600331,有色金属
600333,电力及公用事业
600351,医药
600353,电子元器件
600369,非银行金融
600371,农林牧渔
600388,电力及公用事业
600390,有色金属
300353,通信
300444,电力设备
002512,计算机
300168,计算机
002516,汽车
300146,食品饮料
002524,石油石化
002534,机械
300175,农林牧渔
601116,商贸零售
002551,医药
300216,机械
002559,机械
601216,基础化工
601199,电力及公用事业
300199,医药
002564,机械
603806,电力设备
300368,机械
300357,医药
002705,家电
603037,汽车
300606,轻工制造
603303,家电
002875,纺织服装
002774,机械
300595,医药
300584,医药
600409,基础化工
600415,商贸零售
600436,医药
600439,纺织服装
600467,农林牧渔
600469,汽车
600490,有色金属
600493,纺织服装
600508,煤炭
600510,综合
600527,纺织服装
600529,医药
600548,交通运输
600550,电力设备
600567,轻工制造
600569,钢铁
600585,建材
600587,医药
600602,电子元器件
600604,房地产
600619,家电
600621,房地产
600634,钢铁
600636,基础化工
600651,家电
600653,汽车
600668,综合
600685,国防军工
600687,有色金属
600702,食品饮料
600704,汽车
600719,电力及公用事业
600721,煤炭
600736,房地产
600738,商贸零售
600751,交通运输
600753,建材
600768,有色金属
600770,综合
600785,商贸零售
600787,交通运输
600802,建材
600804,通信
600819,建材
600821,商贸零售
600836,轻工制造
600838,商贸零售
600853,建筑
600855,国防军工
600868,电力及公用事业
600870,家电
600885,电力设备
600887,食品饮料
600963,轻工制造
600967,机械
601888,餐饮旅游
002568,食品饮料
603328,电子元器件
002573,电力及公用事业
002575,轻工制造
002578,有色金属
300218,基础化工
300225,基础化工
300257,机械
300222,电力设备
300224,电子元器件
601567,电力设备
300258,汽车
603069,交通运输
603158,汽车
300476,电子元器件
603309,医药
002802,基础化工
603843,建筑
603988,电力设备
300430,机械
300475,家电
300411,机械
603788,汽车
601689,汽车
601881,非银行金融
300563,通信
300562,医药
603050,电力设备
300643,汽车
000005,房地产
000012,建材
000023,建材
000025,汽车
000027,电力及公用事业
000040,房地产
000043,房地产
000065,建筑
000068,电力及公用事业
000157,机械
000159,石油石化
000301,电力及公用事业
000413,电子元器件
000416,商贸零售
000501,商贸零售
000503,医药
000517,房地产
000519,建材
000521,家电
000534,房地产
000536,电子元器件
000551,电力设备
000553,基础化工
000568,食品饮料
000570,机械
000590,医药
000592,农林牧渔
000608,房地产
000610,餐饮旅游
000627,基础化工
000629,钢铁
000656,房地产
000672,建材
000691,房地产
000693,有色金属
000709,钢铁
000711,房地产
000728,非银行金融
000756,医药
000758,有色金属
000780,煤炭
000783,非银行金融
000798,农林牧渔
000800,汽车
000802,传媒
000818,基础化工
000820,电力及公用事业
000837,机械
000839,综合
000875,电力及公用事业
000877,建材
001896,电力及公用事业
000913,汽车
000916,交通运输
000932,钢铁
000935,建材
000957,汽车
000959,钢铁
000961,房地产
000976,基础化工
000978,餐饮旅游
000997,计算机
000999,医药
002235,轻工制造
002234,农林牧渔
002246,基础化工
002263,基础化工
002264,商贸零售
002258,基础化工
002270,机械
002282,机械
002283,汽车
601727,电力设备
002295,有色金属
300002,计算机
601901,非银行金融
300251,传媒
002627,交通运输
300259,机械
603518,纺织服装
300263,机械
002619,建材
601669,建筑
601100,机械
300467,传媒
603698,机械
002732,食品饮料
300449,计算机
603866,食品饮料
002776,纺织服装
002729,电力设备
601882,机械
603558,纺织服装
603160,电子元器件
603588,电力及公用事业
002789,建筑
300414,通信
002858,传媒
603538,医药
300585,汽车
603496,计算机
603380,电子元器件
002881,电子元器件
002002,基础化工
002005,电子元器件
002020,医药
002021,机械
002038,医药
600984,机械
600987,纺织服装
002050,机械
601989,国防军工
002305,房地产
002756,钢铁
002311,农林牧渔
300010,计算机
300013,交通运输
601801,传媒
300022,机械
300024,机械
002344,商贸零售
002343,传媒
002348,轻工制造
002349,医药
002455,基础化工
601688,非银行金融
300047,通信
002373,计算机
002667,综合
300289,医药
601231,电子元器件
002661,食品饮料
002659,建筑
300320,基础化工
300313,农林牧渔
601965,汽车
002799,轻工制造
603861,电力设备
300315,传媒
300316,机械
603366,家电
002690,机械
603043,餐饮旅游
603313,轻工制造
300508,计算机
603299,基础化工
300543,电子元器件
002810,基础化工
300459,基础化工
300394,通信
300569,电力及公用事业
300631,电力及公用事业
603098,建筑
300458,计算机
601229,银行
600919,银行
002855,基础化工
603113,煤炭
300629,机械
603229,医药
603826,建材
300498,农林牧渔
002114,有色金属
601003,钢铁
002130,电子元器件
002129,电力设备
002132,机械
002128,煤炭
002140,建筑
002142,银行
300107,基础化工
601177,机械
300113,传媒
300112,机械
601098,传媒
002481,食品饮料
002495,食品饮料
601996,农林牧渔
300137,电力及公用事业
002499,电力及公用事业
002508,家电
002738,有色金属
002797,非银行金融
603060,综合
603600,轻工制造
603222,医药
300420,机械
603508,电子元器件
002820,食品饮料
603306,汽车
603878,钢铁
002828,石油石化
603036,机械
300474,国防军工
300482,医药
601127,汽车
300592,建筑
603617,机械
002873,医药
002051,建筑
601988,银行
601699,煤炭
002279,计算机
601588,房地产
002093,通信
002102,建材
002105,机械
601333,交通运输
002108,基础化工
300079,传媒
002441,电力设备
002445,传媒
300086,医药
601118,农林牧渔
002451,电力设备
300097,机械
300253,计算机
300092,机械
603005,电子元器件
300405,基础化工
300378,计算机
603099,餐饮旅游
002849,机械
603393,电力及公用事业
300660,电子元器件
300655,基础化工
002383,计算机
002394,纺织服装
002398,建筑
601101,煤炭
300066,机械
002433,医药
002417,通信
300064,建材
601369,机械
002423,钢铁
002428,有色金属
002432,医药
002678,轻工制造
002851,电力设备
300334,电力及公用事业
300349,机械
300335,电力及公用事业
300347,医药
002718,建材
002708,汽车
300382,机械
002714,农林牧渔
002703,汽车
603817,电力及公用事业
603337,机械
300568,基础化工
002866,计算机
603985,机械
002871,机械
002869,电子元器件
603286,汽车
002015,电力及公用事业
002018,基础化工
002025,国防军工
002027,传媒
600973,电力设备
600979,电力及公用事业
600982,电力及公用事业
002042,纺织服装
002046,机械
002047,建筑
002308,计算机
002312,计算机
002321,农林牧渔
300001,电力设备
002331,计算机
300015,医药
300020,计算机
601877,电力设备
002337,机械
002342,机械
002347,机械
002352,交通运输
002354,传媒
300035,机械
300036,计算机
300042,计算机
300049,医药
002371,电子元器件
002380,计算机
002372,建材
601106,机械
300358,医药
300304,汽车
300306,机械
002692,电力设备
603658,医药
603822,基础化工
300503,机械
300412,医药
601878,非银行金融
300434,机械
603737,基础化工
603398,轻工制造
300446,电子元器件
603628,电力设备
300427,电力设备
300457,机械
300561,计算机
300515,电子元器件
603727,石油石化
300576,基础化工
300676,医药
002826,医药
603225,基础化工
002120,交通运输
002118,医药
601318,非银行金融
002123,电力设备
002122,机械
002133,房地产
601600,有色金属
002150,机械
002149,有色金属
300109,医药
300128,电子元器件
002479,电力及公用事业
002500,非银行金融
002488,汽车
002497,基础化工
300131,电子元器件
300518,传媒
603108,医药
601611,建筑
300447,国防军工
300516,电子元器件
603085,机械
603198,食品饮料
300528,传媒
002772,农林牧渔
603311,家电
002847,食品饮料
603058,轻工制造
600048,房地产
002063,计算机
002064,石油石化
002065,计算机
002075,钢铁
002078,轻工制造
002086,农林牧渔
002095,传媒
002099,医药
002097,机械
601002,机械
002492,交通运输
300101,国防军工
002454,汽车
002460,有色金属
300085,计算机
300321,基础化工
300399,计算机
300387,基础化工
300390,电子元器件
300587,基础化工
300617,电力设备
603630,基础化工
300277,计算机
002392,建材
002630,电力及公用事业
002386,基础化工
300057,轻工制造
300056,电力及公用事业
002412,医药
002413,家电
300062,电力设备
300065,国防军工
002418,家电
002424,医药
002427,基础化工
300067,基础化工
002443,钢铁
002689,机械
300397,国防军工
002701,轻工制造
002711,交通运输
300332,电力及公用事业
300346,电子元器件
300389,电子元器件
002715,汽车
601608,机械
002709,基础化工
603615,基础化工
002877,机械
603042,通信
002884,机械
300633,医药
300603,通信
603595,电子元器件
300618,有色金属
603879,基础化工
300604,电子元器件
002009,机械
002016,房地产
002024,商贸零售
002035,家电
600981,商贸零售
600027,电力及公用事业
002043,建材
002045,电子元器件
601618,建筑
002314,建筑
002319,基础化工
300004,机械
300009,医药
300012,电力及公用事业
300019,基础化工
002320,交通运输
300027,传媒
300026,医药
002322,电力设备
002332,医药
002561,商贸零售
002353,机械
002375,建筑
601179,电力设备
002376,计算机
601336,非银行金融
002650,食品饮料
601929,传媒
300310,通信
601339,纺织服装
002663,建筑
300300,建筑
603123,商贸零售
300327,电子元器件
002677,家电
300330,计算机
601038,机械
603077,基础化工
603007,建筑
603819,机械
300525,计算机
603598,传媒
603858,医药
300502,通信
300487,基础化工
603968,基础化工
300556,计算机
300553,机械
603559,通信
603186,电子元器件
002865,汽车
603035,汽车
300408,电子元器件
600908,银行
002839,银行
603323,银行
601128,银行
603322,通信
603839,纺织服装
603180,轻工制造
603232,计算机
601166,银行
002126,汽车
002127,商贸零售
002139,电子元器件
002138,电子元器件
002144,纺织服装
002152,计算机
300106,农林牧渔
300133,传媒
300116,机械
002527,电子元器件
002475,电子元器件
002480,机械
300119,农林牧渔
300125,电力设备
002493,石油石化
300329,轻工制造
300136,通信
002889,传媒
002510,汽车
002503,纺织服装
300533,传媒
603338,机械
601966,基础化工
002823,机械
603268,建材
300537,基础化工
603838,建材
300473,汽车
603678,电子元器件
300589,机械
002057,钢铁
002059,餐饮旅游
002066,建材
300271,计算机
600017,交通运输
002079,电子元器件
600018,交通运输
002080,建材
002084,轻工制造
002092,基础化工
002100,农林牧渔
002109,基础化工
300075,计算机
002444,机械
601717,机械
002462,医药
300093,建材
300089,轻工制造
002468,交通运输
002476,石油石化
002726,食品饮料
002712,传媒
603990,计算机
603326,轻工制造
601619,电力及公用事业
300150,计算机
300052,传媒
300055,电力及公用事业
002400,传媒
300059,传媒
002409,基础化工
300061,轻工制造
300098,计算机
002426,机械
601188,交通运输
002644,医药
002437,医药
002691,机械
300342,家电
300322,通信
300333,计算机
002694,基础化工
300344,建材
002698,机械
002684,汽车
603288,食品饮料
300371,机械
002723,家电
002792,通信
300369,计算机
603330,基础化工
603387,医药
300622,医药
300621,建筑
300635,综合
300630,医药
603139,医药
603717,建筑
603081,建筑
300680,汽车
300642,医药
002006,机械
002008,电子元器件
002032,家电
002034,纺织服装
600022,钢铁
600482,汽车
002040,交通运输
600970,建筑
002304,食品饮料
002315,传媒
002317,医药
300014,电子元器件
300011,机械
002328,汽车
300023,非银行金融
002324,基础化工
002329,食品饮料
002338,国防军工
300038,通信
300037,基础化工
002370,医药
601058,汽车
002364,电力设备
601368,电力及公用事业
300292,通信
002666,基础化工
002654,电子元器件
603333,电力设备
300308,机械
603128,交通运输
002696,食品饮料
300319,电子元器件
300542,计算机
002825,轻工制造
603519,基础化工
603886,食品饮料
002765,汽车
300439,医药
603016,电力设备
300541,计算机
603239,汽车
603416,机械
603669,医药
603708,商贸零售
603360,基础化工
603208,轻工制造
603908,纺织服装
603041,基础化工
002116,建筑
601005,钢铁
002131,传媒
002143,传媒
603003,通信
300115,电子元器件
002473,家电
002614,家电
002569,纺织服装
002485,纺织服装
002491,通信
300132,基础化工
002504,电子元器件
300143,食品饮料
300453,医药
002813,通信
300520,计算机
603929,建筑
300442,机械
002731,商贸零售
300416,机械
300572,机械
603603,电力及公用事业
603169,机械
300600,机械
002829,通信
603568,电力及公用事业
300668,建筑
601111,交通运输
002081,建筑
601666,煤炭
601872,交通运输
002103,轻工制造
002110,钢铁
002613,建材
300074,计算机
300077,电子元器件
300082,基础化工
300081,通信
601000,交通运输
300099,机械
300094,农林牧渔
300124,机械
300245,计算机
300126,机械
601288,银行
002728,医药
300379,计算机
300359,传媒
603100,机械
603388,建筑
603833,轻工制造
002827,基础化工
603199,餐饮旅游
002379,有色金属
002382,基础化工
002377,石油石化
300054,基础化工
002808,电子元器件
002456,电子元器件
601518,交通运输
002430,机械
002429,家电
300339,计算机
300336,传媒
603008,轻工制造
300338,综合
002687,纺织服装
002680,医药
002686,机械
002695,食品饮料
300356,电子元器件
002886,基础化工
002879,电力设备
603767,汽车
300611,汽车
300625,家电
300626,电力设备
300662,综合
300663,计算机
002156,电子元器件
002145,基础化工
002158,机械
002160,有色金属
002161,通信
002178,建筑
002191,轻工制造
002195,计算机
002197,电子元器件
002205,建材
002210,交通运输
002216,食品饮料
002214,国防军工
002222,电子元器件
601186,建筑
300276,机械
601800,建筑
002646,食品饮料
601928,传媒
600015,银行
600016,银行
600038,国防军工
600051,综合
600066,汽车
600083,建筑
600084,食品饮料
600098,电力及公用事业
600101,电力及公用事业
600115,交通运输
600116,电力及公用事业
600135,基础化工
600136,基础化工
600156,纺织服装
600159,房地产
600175,石油石化
600176,建材
600193,钢铁
600195,农林牧渔
600210,轻工制造
600213,汽车
600229,传媒
600230,基础化工
600249,基础化工
600250,商贸零售
600266,房地产
600269,交通运输
600284,建筑
600285,医药
600303,汽车
600305,食品饮料
600320,机械
600323,电力及公用事业
600339,石油石化
600340,房地产
600361,商贸零售
600362,有色金属
600378,石油石化
600381,钢铁
600382,综合
600397,煤炭
600398,纺织服装
002743,机械
002532,机械
002540,有色金属
002535,机械
002609,计算机
002536,汽车
300166,计算机
300167,计算机
002543,家电
601519,计算机
002548,农林牧渔
300220,电子元器件
300198,建材
300196,建材
002560,电力设备
603777,食品饮料
002697,商贸零售
300363,医药
300546,计算机
300391,机械
300376,电力设备
300591,纺织服装
300681,汽车
600423,基础化工
600425,建材
600458,机械
600459,有色金属
600478,电子元器件
600479,医药
600500,基础化工
600501,国防军工
600520,机械
600521,医药
600536,计算机
600537,电力设备
600540,农林牧渔
600558,机械
600559,食品饮料
600578,电力及公用事业
600579,汽车
600593,餐饮旅游
600596,基础化工
600610,机械
600611,交通运输
600628,商贸零售
600629,建材
600643,综合
600660,汽车
600661,传媒
600678,建材
600679,轻工制造
600693,商贸零售
600696,房地产
600710,机械
600711,有色金属
600728,通信
600729,商贸零售
600743,房地产
600746,基础化工
600760,国防军工
600761,机械
600778,商贸零售
600779,食品饮料
600793,轻工制造
600796,基础化工
600810,基础化工
600811,商贸零售
600828,商贸零售
600829,医药
600843,机械
600846,建筑
600860,机械
600861,商贸零售
600879,国防军工
600893,国防军工
600896,交通运输
600897,交通运输
600986,建筑
600988,有色金属
002574,商贸零售
300210,机械
300208,电力设备
002584,基础化工
002590,汽车
300249,家电
300226,传媒
002588,基础化工
002734,基础化工
002626,食品饮料
002600,电子元器件
002598,机械
601595,传媒
002798,建材
603611,汽车
603010,基础化工
600909,非银行金融
603818,农林牧渔
603828,建筑
002833,机械
000166,非银行金融
603758,汽车
300514,机械
000009,综合
000016,家电
000017,机械
000034,计算机
000035,电力及公用事业
000055,建材
000059,石油石化
000096,石油石化
000099,交通运输
000404,家电
000407,电力及公用事业
000422,基础化工
000423,医药
000510,基础化工
000511,建材
000526,房地产
000529,食品饮料
000543,电力及公用事业
000544,电力及公用事业
000561,国防军工
000562,非银行金融
000581,汽车
000584,基础化工
000598,电力及公用事业
000599,汽车
000619,建材
000635,基础化工
000638,房地产
000663,农林牧渔
000665,传媒
000683,基础化工
000685,电力及公用事业
000698,石油石化
000701,电子元器件
000718,房地产
000719,传媒
000738,国防军工
000739,医药
000767,电力及公用事业
000768,国防军工
000789,建材
000790,医药
000810,家电
000811,机械
000830,基础化工
000831,有色金属
000858,食品饮料
000859,基础化工
000886,交通运输
000887,汽车
000905,交通运输
000906,钢铁
000921,家电
000922,电力设备
000926,房地产
000949,基础化工
000950,基础化工
000969,有色金属
000970,电子元器件
000985,石油石化
000987,非银行金融
000990,医药
002223,医药
002252,医药
002240,有色金属
002396,通信
002278,机械
002287,医药
601268,机械
002603,医药
300303,电子元器件
002629,机械
002610,电力设备
300270,计算机
002624,传媒
002641,建材
300275,计算机
300437,基础化工
603011,机械
603320,电力设备
300443,电力设备
603116,纺织服装
603528,计算机
603901,机械
603918,计算机
601015,煤炭
300495,建筑
300424,机械
603969,钢铁
603660,通信
603421,通信
603816,轻工制造
300522,基础化工
603118,通信
002787,机械
603177,电力及公用事业
601020,有色金属
300601,医药
603933,电子元器件
002003,纺织服装
002004,基础化工
002019,医药
002022,医药
002023,机械
603086,基础化工
603228,电子元器件
300647,电子元器件
002860,家电
603586,汽车
300616,轻工制造
300658,轻工制造
300649,建筑
300554,机械
603305,汽车
002010,基础化工
002012,轻工制造
002028,电力设备
002030,医药
600962,农林牧渔
600971,煤炭
002048,汽车
002489,轻工制造
002302,建材
002350,电力设备
002309,通信
002318,钢铁
300003,医药
300018,电力设备
002323,电力设备
002335,通信
002538,基础化工
002346,建材
300032,电子元器件
601678,基础化工
002355,汽车
300029,机械
300030,医药
002359,通信
002549,基础化工
300039,医药
002366,机械
002368,计算机
300044,建筑
002662,汽车
300291,传媒
300301,电子元器件
002672,电力及公用事业
601515,轻工制造
002660,电子元器件
002669,基础化工
300311,计算机
603000,传媒
002685,机械
603026,石油石化
300531,通信
603019,计算机
002816,机械
002785,建材
603067,基础化工
300665,基础化工
300428,有色金属
603601,基础化工
002736,非银行金融
300493,电子元器件
300560,通信
300540,机械
002836,轻工制造
002824,有色金属
300413,商贸零售
600926,银行
603165,电力及公用事业
300597,通信
603801,轻工制造
002113,房地产
002134,电子元器件
000338,汽车
601328,银行
002159,餐饮旅游
300129,电力设备
002471,电力设备
002486,纺织服装
300122,医药
002518,计算机
300130,计算机
300135,石油石化
002805,基础化工
002505,农林牧渔
300325,基础化工
002513,基础化工
300506,建筑
603022,轻工制造
603131,机械
603020,食品饮料
300485,医药
300404,医药
603266,基础化工
002777,计算机
002803,轻工制造
603939,医药
300431,传媒
603319,机械
002859,轻工制造
300669,机械
002054,基础化工
002055,电子元器件
002056,电子元器件
300016,医药
002073,机械
002088,建材
601628,非银行金融
002107,医药
002121,电力设备
300080,电力设备
002439,计算机
300235,计算机
300272,家电
300090,电力及公用事业
002453,基础化工
300095,机械
300103,机械
002484,电子元器件
300104,传媒
300173,机械
002724,电子元器件
300380,计算机
300386,计算机
603577,电力设备
603668,农林牧渔
603980,基础化工
603707,医药
300043,轻工制造
002385,农林牧渔
002388,电子元器件
002387,食品饮料
002389,电子元器件
002391,基础化工
002399,医药
002408,石油石化
002401,计算机
002403,家电
002416,通信
300073,基础化工
002434,汽车
300072,基础化工
002435,机械
300400,机械
002679,农林牧渔
300348,计算机
002683,基础化工
300343,基础化工
300352,计算机
603699,机械
300620,通信
300636,医药
603159,机械
300615,通信
603677,家电
603768,汽车
603728,电力设备
002872,医药
002863,汽车
300641,基础化工
001979,房地产
002007,医药
002014,轻工制造
002026,机械
002033,餐饮旅游
600143,基础化工
600978,农林牧渔
002041,农林牧渔
002049,电子元器件
002310,建筑
002523,机械
002313,通信
002356,电力设备
601117,建筑
002327,纺织服装
002474,计算机
002325,建筑
300007,电子元器件
300017,通信
300028,电子元器件
002333,建材
002339,电力设备
300031,传媒
002345,商贸零售
002351,电子元器件
300247,家电
300041,基础化工
002369,电子元器件
002360,基础化工
300045,国防军工
002566,医药
002378,有色金属
603729,传媒
300314,医药
002675,医药
002671,建材
002665,电力设备
002682,汽车
603168,医药
300509,机械
300499,机械
603300,建筑
603689,电力及公用事业
002835,计算机
300550,计算机
601858,传媒
603716,医药
601163,基础化工
603505,建材
603203,机械
601997,银行
603032,交通运输
300581,国防军工
002878,传媒
603536,食品饮料
002868,农林牧渔
002888,电子元器件
002115,通信
002117,轻工制造
002119,电子元器件
002124,农林牧渔
300318,医药
002136,基础化工
601998,银行
300114,国防军工
300111,电力设备
300108,基础化工
002472,机械
300120,电力设备
002477,农林牧渔
002482,建筑
002521,轻工制造
300401,医药
002498,电力设备
300142,医药
002554,机械
002514,机械
601777,汽车
603315,机械
603800,石油石化
300395,电子元器件
300510,电力设备
603738,电子元器件
603339,机械
300461,机械
300423,电力设备
300586,基础化工
002846,轻工制造
603855,机械
300672,电子元器件
601001,煤炭
002067,轻工制造
002072,纺织服装
002076,家电
601398,银行
002077,房地产
002085,汽车
601991,电力及公用事业
002096,基础化工
002104,通信
300078,计算机
002466,有色金属
002449,电子元器件
300091,电力设备
002458,农林牧渔
002457,建材
002463,电子元器件
601718,纺织服装
300102,电子元器件
002465,国防军工
300365,计算机
603517,食品饮料
603955,房地产
300666,电子元器件
603757,机械
002885,电力设备
002421,建筑
300051,传媒
300264,通信
300053,电子元器件
601010,商贸零售
002411,基础化工
002414,国防军工
300087,农林牧渔
300063,传媒
002420,家电
002431,建筑
002447,农林牧渔
300069,电力设备
300323,电子元器件
002752,轻工制造
002681,电子元器件
300362,电力及公用事业
603126,电力及公用事业
300383,通信
002746,农林牧渔
002815,电子元器件
300367,计算机
603238,纺织服装
002853,轻工制造
300627,通信
300628,通信
300637,医药
300670,电力设备
300607,机械
002750,医药
601811,传媒
603868,家电
601500,基础化工
603663,有色金属
601900,传媒
002753,煤炭
603799,有色金属
603589,食品饮料
300519,医药
300470,机械
300460,电子元器件
601366,商贸零售
603637,建筑
603823,基础化工
300612,传媒
300588,计算机
300613,电子元器件
002876,电子元器件
300651,轻工制造
002017,通信
002011,机械
002013,国防军工
002029,纺织服装
002031,汽车
600961,有色金属
600965,农林牧渔
002301,轻工制造
002306,计算机
002365,医药
002307,建筑
601139,电力及公用事业
002316,通信
300008,机械
300006,医药
300071,传媒
002326,基础化工
002341,电子元器件
300139,电子元器件
300034,国防军工
002358,电力设备
002367,机械
002361,基础化工
002374,轻工制造
300050,通信
300046,电子元器件
002652,钢铁
300297,计算机
300309,机械
300296,电子元器件
601388,有色金属
002658,电力及公用事业
002670,家电
300299,通信
002699,纺织服装
300422,电力及公用事业
603869,餐饮旅游
300539,基础化工
300451,计算机
300558,医药
002842,有色金属
603665,纺织服装
603906,基础化工
300583,医药
002882,电力设备
300677,医药
002135,建筑
002137,传媒
601919,交通运输
601168,有色金属
601009,银行
002146,房地产
002148,通信
601377,非银行金融
300118,电力设备
300117,建筑
002478,钢铁
300156,电力及公用事业
002595,机械
601818,银行
300123,机械
600998,医药
300134,通信
002643,基础化工
300138,食品饮料
002511,轻工制造
300144,餐饮旅游
002507,食品饮料
603616,建材
300410,机械
002751,轻工制造
603018,建筑
300364,传媒
300456,机械
300468,计算机
603258,传媒
603444,传媒
603029,机械
601006,交通运输
002068,基础化工
002069,农林牧渔
002071,传媒
002083,纺织服装
002087,纺织服装
002089,通信
002098,纺织服装
002111,国防军工
002112,电力设备
002622,电力设备
300084,机械
300088,电子元器件
300096,计算机
002529,机械
002452,电力设备
002464,基础化工
002496,基础化工
300110,医药
603111,机械
603298,机械
603966,机械
002837,机械
603656,机械
002384,机械
601158,电力及公用事业
002407,基础化工
002395,基础化工
002410,计算机
002405,计算机
002402,电子元器件
002415,电子元器件
002459,机械
300070,电力及公用事业
002436,电子元器件
300076,计算机
300105,机械
002440,基础化工
300337,有色金属
603766,汽车
002716,有色金属
002727,医药
002725,汽车
603555,纺织服装
603166,汽车
300354,机械
002880,医药
603063,电力设备
603196,纺织服装
300661,电子元器件
002036,电子元器件
002037,基础化工
600983,家电
002039,电力及公用事业
002044,医药
002303,轻工制造
601299,机械
300005,纺织服装
300021,建材
300033,计算机
300025,通信
002330,食品饮料
002334,电力设备
002336,商贸零售
002340,电力及公用事业
002381,基础化工
002591,基础化工
002357,交通运输
300040,电力设备
300048,电力设备
002397,纺织服装
300532,计算机
300483,建筑
002688,医药
300307,机械
002653,医药
300326,医药
002657,计算机
002674,纺织服装
002676,家电
300302,计算机
300317,家电
300312,通信
000333,家电
002812,轻工制造
603639,基础化工
300545,电子元器件
300570,通信
600977,传媒
300573,医药
603345,食品饮料
300426,传媒
300488,机械
603808,纺织服装
603778,房地产
603223,交通运输
300450,机械
300548,通信
300538,基础化工
300551,机械
603888,传媒
603633,电子元器件
300481,基础化工
002807,银行
603269,机械
300653,医药
002883,建筑
603226,轻工制造
300656,电子元器件
601007,餐饮旅游
002125,基础化工
601008,交通运输
002170,基础化工
002141,电子元器件
002153,计算机
300305,基础化工
002530,传媒
300121,基础化工
002487,电力设备
002615,家电
300127,电子元器件
601028,钢铁
002483,机械
002494,纺织服装
002501,有色金属
002502,传媒
300141,电力设备
300140,电力设备
300154,机械
300331,电子元器件
002509,机械
603936,电子元器件
603377,汽车
603958,纺织服装
603859,计算机
603033,基础化工
002856,建筑
603028,钢铁
300497,医药
603066,交通运输
603027,食品饮料
603987,医药
300549,机械
002870,机械
603578,家电
002052,电子元器件
002053,基础化工
002058,机械
002060,建筑
002061,基础化工
002062,建筑
002070,有色金属
002074,电力设备
002082,有色金属
002090,计算机
002091,商贸零售
002094,商贸零售
002101,机械
002106,电子元器件
300083,电子元器件
603002,基础化工
601012,电力设备
002469,建筑
300238,医药
002450,基础化工
300179,建材
300152,电力设备
300100,汽车
601018,交通运输
002470,基础化工
300419,计算机
002773,医药
600023,电力及公用事业
300575,基础化工
600996,传媒
300667,电子元器件
300640,轻工制造
002363,汽车
002393,医药
300058,传媒
002390,医药
002404,纺织服装
002406,机械
002425,传媒
300068,电力设备
002422,医药
002442,基础化工
603399,有色金属
300328,有色金属
300341,电力设备
002693,医药
603993,有色金属
002713,建筑
601238,汽车
002722,机械
601016,电力及公用事业
300507,汽车
300678,通信
603938,基础化工
300609,计算机
300679,电子元器件
